Tag,Rep,ChunkSize,NumFiles,Duplicates,UncompressedBytes,Chunks,CompThroughputGBs,DecompThroughputGBs,CompTimeMs,DecompTimeMs
ht128_c65536,0,65536,1,512,527433728,8208,7.023416,85.065582,75.096466,6.200319
ht128_c65536,1,65536,1,512,527433728,8208,6.983881,84.224465,75.521584,6.262239
ht128_c65536,2,65536,1,512,527433728,8208,7.112429,81.227640,74.156624,6.493279
ht128_c65536,3,65536,1,512,527433728,8208,6.947494,83.509688,75.917114,6.315839
ht128_c65536,4,65536,1,512,527433728,8208,7.094672,82.362114,74.342232,6.403839
ht128_c65536,5,65536,1,512,527433728,8208,7.020350,86.505404,75.129265,6.097119
ht128_c65536,6,65536,1,512,527433728,8208,7.149636,85.860986,73.770714,6.142880
ht128_c65536,7,65536,1,512,527433728,8208,6.932096,88.781611,76.085754,5.940799
ht128_c65536,8,65536,1,512,527433728,8208,7.211685,87.307275,73.135994,6.041120
ht128_c65536,9,65536,1,512,527433728,8208,7.003421,82.640863,75.310875,6.382239
ht128_c65536,10,65536,1,512,527433728,8208,7.143547,89.865909,73.833595,5.869119
ht128_c65536,11,65536,1,512,527433728,8208,7.144709,84.418585,73.821587,6.247839
ht128_c65536,12,65536,1,512,527433728,8208,7.052596,85.526846,74.785751,6.166879
ht128_c65536,13,65536,1,512,527433728,8208,7.174626,90.926830,73.513756,5.800639
ht128_c65536,14,65536,1,512,527433728,8208,6.786445,84.864109,77.718712,6.215039
ht128_c65536,15,65536,1,512,527433728,8208,6.747080,80.787702,78.172150,6.528639
ht128_c65536,16,65536,1,512,527433728,8208,6.933685,84.526816,76.068314,6.239839
ht128_c65536,17,65536,1,512,527433728,8208,6.911139,90.814111,76.316467,5.807839
ht128_c65536,18,65536,1,512,527433728,8208,6.866783,84.399132,76.809433,6.249279
ht128_c65536,19,65536,1,512,527433728,8208,6.814221,92.054213,77.401909,5.729599
ht128_c65536,20,65536,1,512,527433728,8208,6.975338,90.664231,75.614075,5.817440
ht128_c65536,21,65536,1,512,527433728,8208,6.930406,84.731043,76.104309,6.224799
ht128_c65536,22,65536,1,512,527433728,8208,6.796925,89.851214,77.598869,5.870079
ht128_c65536,23,65536,1,512,527433728,8208,6.779508,83.157877,77.798233,6.342559
ht128_c65536,24,65536,1,512,527433728,8208,6.942388,84.522482,75.972954,6.240159
ht128_c65536,25,65536,1,512,527433728,8208,6.810546,86.799235,77.443672,6.076479
ht128_c65536,26,65536,1,512,527433728,8208,6.929706,91.117847,76.111992,5.788479
ht128_c65536,27,65536,1,512,527433728,8208,6.823205,87.655527,77.299995,6.017119
ht128_c65536,28,65536,1,512,527433728,8208,6.842126,85.351904,77.086235,6.179519
ht128_c65536,29,65536,1,512,527433728,8208,6.774130,82.634646,77.859993,6.382719
contig128_c65536,0,65536,1,512,527433728,8208,0.815710,82.310692,646.594543,6.407840
contig128_c65536,1,65536,1,512,527433728,8208,0.818927,86.929692,644.054504,6.067360
contig128_c65536,2,65536,1,512,527433728,8208,0.819850,87.145711,643.329285,6.052320
contig128_c65536,3,65536,1,512,527433728,8208,0.822965,81.530985,640.894104,6.469120
contig128_c65536,4,65536,1,512,527433728,8208,0.819608,81.924074,643.519531,6.438080
contig128_c65536,5,65536,1,512,527433728,8208,0.819064,80.026721,643.946777,6.590720
contig128_c65536,6,65536,1,512,527433728,8208,0.817600,80.849108,645.099731,6.523680
contig128_c65536,7,65536,1,512,527433728,8208,0.820798,81.844743,642.586731,6.444320
contig128_c65536,8,65536,1,512,527433728,8208,0.819011,86.808364,643.988464,6.075840
contig128_c65536,9,65536,1,512,527433728,8208,0.818125,83.465269,644.685974,6.319200
contig128_c65536,10,65536,1,512,527433728,8208,0.819659,81.414193,643.479248,6.478400
contig128_c65536,11,65536,1,512,527433728,8208,0.821911,80.340737,641.716370,6.564960
contig128_c65536,12,65536,1,512,527433728,8208,0.816095,80.611860,646.289307,6.542880
contig128_c65536,13,65536,1,512,527433728,8208,0.819214,80.920558,643.828979,6.517920
contig128_c65536,14,65536,1,512,527433728,8208,0.821473,80.598062,642.058533,6.544000
contig128_c65536,15,65536,1,512,527433728,8208,0.815873,81.000095,646.465576,6.511520
contig128_c65536,16,65536,1,512,527433728,8208,0.818748,80.602003,644.195374,6.543680
contig128_c65536,17,65536,1,512,527433728,8208,0.819827,81.103722,643.347229,6.503200
contig128_c65536,18,65536,1,512,527433728,8208,0.819438,82.566332,643.653015,6.388000
contig128_c65536,19,65536,1,512,527433728,8208,0.820577,81.617772,642.759399,6.462241
contig128_c65536,20,65536,1,512,527433728,8208,0.817901,80.744138,644.862610,6.532161
contig128_c65536,21,65536,1,512,527433728,8208,0.819572,87.711474,643.547607,6.013281
contig128_c65536,22,65536,1,512,527433728,8208,0.820638,81.601611,642.711548,6.463521
contig128_c65536,23,65536,1,512,527433728,8208,0.823209,81.293720,640.704529,6.488001
contig128_c65536,24,65536,1,512,527433728,8208,0.817201,83.307057,645.415222,6.331201
contig128_c65536,25,65536,1,512,527433728,8208,0.819350,81.012037,643.722290,6.510560
contig128_c65536,26,65536,1,512,527433728,8208,0.817470,86.792363,645.202637,6.076960
contig128_c65536,27,65536,1,512,527433728,8208,0.820763,81.371992,642.614136,6.481760
contig128_c65536,28,65536,1,512,527433728,8208,0.820124,81.654176,643.114441,6.459360
contig128_c65536,29,65536,1,512,527433728,8208,0.819790,83.185144,643.376709,6.340480
spread128_c65536,0,65536,1,512,527433728,8208,2.487129,82.634621,212.065292,6.382721
spread128_c65536,1,65536,1,512,527433728,8208,2.475406,94.359816,213.069611,5.589601
spread128_c65536,2,65536,1,512,527433728,8208,2.470897,84.813861,213.458420,6.218721
spread128_c65536,3,65536,1,512,527433728,8208,2.470852,85.878865,213.462250,6.141601
spread128_c65536,4,65536,1,512,527433728,8208,2.467388,85.593446,213.761948,6.162081
spread128_c65536,5,65536,1,512,527433728,8208,2.468573,85.318743,213.659393,6.181921
spread128_c65536,6,65536,1,512,527433728,8208,2.468063,95.152409,213.703537,5.543041
spread128_c65536,7,65536,1,512,527433728,8208,2.469444,85.957241,213.584030,6.136001
spread128_c65536,8,65536,1,512,527433728,8208,2.468318,85.418232,213.681473,6.174721
spread128_c65536,9,65536,1,512,527433728,8208,2.471673,94.535706,213.391388,5.579201
spread128_c65536,10,65536,1,512,527433728,8208,2.470171,93.943012,213.521149,5.614401
spread128_c65536,11,65536,1,512,527433728,8208,2.469161,84.864076,213.608505,6.215041
spread128_c65536,12,65536,1,512,527433728,8208,2.468295,85.504639,213.683395,6.168481
spread128_c65536,13,65536,1,512,527433728,8208,2.469257,87.416080,213.600189,6.033601
spread128_c65536,14,65536,1,512,527433728,8208,2.465941,86.525806,213.887390,6.095681
spread128_c65536,15,65536,1,512,527433728,8208,2.469185,85.254764,213.606430,6.186560
spread128_c65536,16,65536,1,512,527433728,8208,2.464463,95.045432,214.015717,5.549280
spread128_c65536,17,65536,1,512,527433728,8208,2.467362,85.698025,213.764191,6.154561
spread128_c65536,18,65536,1,512,527433728,8208,2.468850,94.843059,213.635391,5.561121
spread128_c65536,19,65536,1,512,527433728,8208,2.465786,86.024540,213.900833,6.131201
spread128_c65536,20,65536,1,512,527433728,8208,2.470378,94.627977,213.503235,5.573761
spread128_c65536,21,65536,1,512,527433728,8208,2.467460,85.540134,213.755707,6.165921
spread128_c65536,22,65536,1,512,527433728,8208,2.465845,87.228715,213.895721,6.046561
spread128_c65536,23,65536,1,512,527433728,8208,2.466255,85.689116,213.860214,6.155201
spread128_c65536,24,65536,1,512,527433728,8208,2.466258,85.847558,213.859894,6.143841
spread128_c65536,25,65536,1,512,527433728,8208,2.469445,85.398302,213.583893,6.176162
spread128_c65536,26,65536,1,512,527433728,8208,2.467636,88.564514,213.740524,5.955362
spread128_c65536,27,65536,1,512,527433728,8208,2.466603,85.867664,213.829971,6.142402
spread128_c65536,28,65536,1,512,527433728,8208,2.468225,85.977406,213.689484,6.134562
spread128_c65536,29,65536,1,512,527433728,8208,2.467636,85.704712,213.740524,6.154081
ht16384_c65536,0,65536,1,512,527433728,8208,1.795852,86.249614,293.695526,6.115201
ht16384_c65536,1,65536,1,512,527433728,8208,1.779800,86.964090,296.344330,6.064960
ht16384_c65536,2,65536,1,512,527433728,8208,1.776517,85.776072,296.892029,6.148961
ht16384_c65536,3,65536,1,512,527433728,8208,1.773794,86.936565,297.347717,6.066880
ht16384_c65536,4,65536,1,512,527433728,8208,1.772680,85.664634,297.534607,6.156960
ht16384_c65536,5,65536,1,512,527433728,8208,1.773413,87.681145,297.411713,6.015361
ht16384_c65536,6,65536,1,512,527433728,8208,1.772777,94.430094,297.518433,5.585441
ht16384_c65536,7,65536,1,512,527433728,8208,1.772325,89.322864,297.594269,5.904801
ht16384_c65536,8,65536,1,512,527433728,8208,1.771698,89.536364,297.699554,5.890721
ht16384_c65536,9,65536,1,512,527433728,8208,1.771020,85.657941,297.813477,6.157441
ht16384_c65536,10,65536,1,512,527433728,8208,1.772372,94.192648,297.586426,5.599521
ht16384_c65536,11,65536,1,512,527433728,8208,1.771580,86.339977,297.719391,6.108801
ht16384_c65536,12,65536,1,512,527433728,8208,1.770614,84.958128,297.881805,6.208161
ht16384_c65536,13,65536,1,512,527433728,8208,1.771335,87.141090,297.760559,6.052641
ht16384_c65536,14,65536,1,512,527433728,8208,1.770524,85.997607,297.897034,6.133121
ht16384_c65536,15,65536,1,512,527433728,8208,1.770848,94.063637,297.842468,5.607201
ht16384_c65536,16,65536,1,512,527433728,8208,1.770956,89.107968,297.824371,5.919041
ht16384_c65536,17,65536,1,512,527433728,8208,1.770529,85.802854,297.896057,6.147042
ht16384_c65536,18,65536,1,512,527433728,8208,1.770017,86.186462,297.982300,6.119682
ht16384_c65536,19,65536,1,512,527433728,8208,1.771183,86.780910,297.786133,6.077762
ht16384_c65536,20,65536,1,512,527433728,8208,1.770447,85.252537,297.909973,6.186722
ht16384_c65536,21,65536,1,512,527433728,8208,1.770261,85.182051,297.941193,6.191841
ht16384_c65536,22,65536,1,512,527433728,8208,1.769321,86.503104,298.099579,6.097281
ht16384_c65536,23,65536,1,512,527433728,8208,1.769989,86.089686,297.986938,6.126561
ht16384_c65536,24,65536,1,512,527433728,8208,1.770871,85.606768,297.838623,6.161122
ht16384_c65536,25,65536,1,512,527433728,8208,1.770274,88.346162,297.939117,5.970081
ht16384_c65536,26,65536,1,512,527433728,8208,1.770894,88.850966,297.834778,5.936162
ht16384_c65536,27,65536,1,512,527433728,8208,1.770171,86.141418,297.956421,6.122882
ht16384_c65536,28,65536,1,512,527433728,8208,1.769397,85.791687,298.086792,6.147842
ht16384_c65536,29,65536,1,512,527433728,8208,1.770540,87.704457,297.894348,6.013762
